{"2020-07-07": {"13:00": {"first_last_delta": 206.6, "average_sentiment": 0.0364814814814815, "adjusted_sentiment": 0.4762267933302269}}}