{"2020-07-07": {"13:00": {"first_last_delta": 1041.1833333333334, "average_sentiment": 0.07542888625006679, "adjusted_sentiment": 0.03560528853555217}}}