{"2020-07-01": {"21:30": {"first_last_delta": 52.56666666666667, "average_sentiment": 0.09804717813051148, "adjusted_sentiment": 0.05481320848858163}}}