{"2020-07-01": {"21:00": {"first_last_delta": 54.86666666666667, "average_sentiment": 0.0677817107082732, "adjusted_sentiment": 0.043402823879255426}, "21:30": {"first_last_delta": 54.86666666666667, "average_sentiment": 0.0677817107082732, "adjusted_sentiment": 0.043402823879255426}}}