{"3": -1.850371707708594e-17, "10": -0.006680623530672308, "30": -0.011383529088551936, "90": 0.004436488971892385, "180": 0.0013624832934371345}